Primary Energy Consumed by the Residential Sector,Total Energy Consumed by the Residential Sector,Primary Energy Consumed by the Commercial Sector,Total Energy Consumed by the Commercial Sector,Primary Energy Consumed by the Industrial Sector,Total Energy Consumed by the Industrial Sector,Primary Energy Consumed by the Transportation Sector,Total Energy Consumed by the Transportation Sector,Primary Energy Consumed by the Electric Power Sector
1313.816,1932.187,656.607,1079.31,2054.675,2701.524,1506.38,1509.552,1691.096
1150.011,1687.255,621.766,1001.92,1869.459,2460.752,1439.361,1442.127,1511.458
970.362,1497.067,490.154,884.437,1944.295,2579.613,1561.162,1564.016,1559.159
709.631,1177.661,362.003,735.461,1924.207,2550.21,1479.971,1482.632,1470.152
544.596,1015.008,289.109,696.114,2070.447,2741.81,1621.585,1624.436,1551.631
385.648,933.663,227.897,687.473,1942.08,2641.221,1540.532,1543.553,1709.752
326.179,981.183,197.526,693.949,1999.819,2691.487,1583.965,1587.202,1846.331
338.036,1018.978,206.942,706.301,2111.198,2817.613,1646.394,1649.55,1889.873
361.672,956.55,210.244,651.041,2035.699,2661.997,1502.988,1505.857,1664.842
461.932,991.668,266.381,693.462,2232.462,2911.515,1577.804,1580.742,1638.807
707.132,1197.249,389.37,800.97,2274.07,2937.298,1582.22,1585.217,1567.941
956.291,1507.395,504.794,914.274,2261.618,2927.596,1534.862,1537.891,1629.591
1212.515,1823.499,629.995,1039.088,1960.95,2601.723,1439.083,1441.921,1663.689
1036.361,1562.936,533.849,907.821,1900.645,2504.584,1339.339,1341.826,1506.973
897.426,1436.363,468.202,863.512,1939.22,2591.78,1480.5,1483.195,1589.502
724.092,1215.416,373.423,754.176,1789.328,2427.63,1467.268,1469.842,1512.953
507.294,1010.945,265.373,688.286,1909.461,2610.64,1556.574,1559.392,1630.562
388.946,936.124,215.945,655.169,1848.969,2526.551,1525.441,1528.118,1666.66
339.266,1013.51,196.698,703.241,1963.265,2687.414,1578.384,1581.456,1908.007
318.446,987.592,198.954,688.995,2031.357,2735.222,1601.286,1604.223,1865.99
359.285,919.805,216.105,645.205,2057.094,2691.142,1456.303,1458.89,1626.253
491.557,999.326,282.939,706.494,2216.164,2907.338,1569.924,1572.633,1625.206
638.307,1141.133,353.105,773.723,2135.6,2809.339,1507.699,1510.563,1600.048
994.417,1607.437,524.494,969.399,2043.661,2692.136,1565.376,1568.378,1709.402
1125.159,1758.226,545.372,990.791,2103.195,2763.065,1542.555,1545.584,1741.385
1066.521,1615.051,519.577,920.136,1674,2275.417,1359.325,1361.954,1553.135
976.858,1538.328,465.309,892.445,1793.242,2440.013,1516.838,1519.702,1638.241
856.058,1366.55,419.459,823.414,1480.884,2104.502,1508.229,1510.837,1540.673
534.024,1034.664,259.802,698.717,1543.59,2220.526,1542.378,1545.238,1619.351
381.986,936.766,205.58,686.931,1601.696,2286.045,1526.826,1529.658,1723.312
341.272,1003.672,189.411,715.817,1701.015,2389.446,1557.246,1560.25,1880.241
326.611,1012.72,191.306,717.022,1752.922,2452.756,1557.471,1560.436,1914.625
358.313,926.799,208.351,657.008,1803.82,2422.751,1490.844,1493.554,1638.784
456.308,954.616,249.405,692.031,2003.645,2693.61,1568.36,1571.249,1633.788
577.673,1065.259,305.791,737.377,1919.98,2603.459,1442.298,1445.305,1605.659
988.846,1598.15,499.825,962.577,2056.792,2762.669,1598.123,1601.232,1781.043
1277.212,1986.659,635.682,1118.587,1982.444,2669.716,1532.245,1535.406,1882.783
1087.483,1674.363,545.966,971.029,1691.658,2327.845,1419.173,1421.841,1650.798
882.198,1434.389,442.57,890.242,1744.93,2463.82,1604.614,1607.566,1721.705
672.973,1163.868,337.725,753.23,1673.539,2359.133,1581.987,1584.545,1594.553
529.469,1009.166,275.205,715.556,1783.424,2508.466,1564.477,1567.172,1647.787
420.706,964.724,226.751,724.307,1743.835,2526.313,1610.508,1613.299,1826.842
351.95,1006.965,196.963,745.448,1853.241,2622.912,1648.182,1651.192,1976.18
327.176,1002.932,201.682,736.425,1861.429,2622.754,1606.282,1609.175,1974.717
353.007,923.155,209.976,685.272,1857.371,2552.47,1579.52,1582.273,1743.297
488.845,1005.253,268.183,733.104,2158.125,2906.867,1599.725,1602.472,1732.819
817.854,1372.664,433.886,897.928,2098.841,2857.016,1599.713,1602.617,1779.932
1182.262,1863.448,596.88,1093.165,2215.828,2976.731,1720.249,1723.225,1941.35
1447.095,2239.681,696.361,1223.633,2047.324,2801.56,1582.153,1585.432,2077.373
1229.291,1869.527,586.44,1018.84,1602.721,2238.883,1527.15,1529.74,1711.388
857.068,1441.002,419.39,878.851,1865.642,2601.65,1656.555,1659.602,1782.45
631.735,1132.077,321.203,752.308,1740.243,2463.15,1638.161,1640.796,1656.988
473.686,979.115,253.828,734.629,1864.076,2670.669,1617.665,1620.607,1795.764
384.297,971.294,222.034,741.922,1890.509,2699.588,1675.118,1678.044,1918.889
337.28,1084.85,204.519,785.466,1857.624,2657.426,1666.152,1669.284,2131.452
331.138,1065.597,206.912,771.813,1956.794,2746.716,1712.899,1715.861,2092.245
346.875,974.452,210.952,721.805,2002.451,2737.107,1644.563,1647.372,1875.895
476.104,1018.153,266.787,736.815,2104.433,2851.468,1666.93,1669.798,1761.98
643.115,1173.632,342.382,809.447,2079.426,2853.192,1647.406,1650.399,1774.34
1035.933,1708.154,527.344,1033.847,2154.48,2944.423,1751.465,1754.664,1971.866
1205.053,2000.053,592.83,1130.769,2140.287,2935.009,1648.556,1651.746,2130.852
1210.296,1924.551,599.04,1081.65,1782.465,2462.234,1576.475,1579.264,1879.423
1021.338,1696.087,522.942,1007.467,1780.657,2494.343,1762.251,1765.033,1875.744
670.843,1206.671,336.272,775.855,1798.95,2521.259,1668.784,1671.216,1700.153
541.681,1081.209,281.476,765.406,1881.947,2712.974,1784.235,1786.987,1857.237
391.921,1006.572,221.655,763.584,1800.105,2642.119,1741.375,1744.207,2001.427
343.489,1091.233,199.133,793.815,1913.155,2736.671,1721.157,1724.251,2169.036
354.94,1118.362,211.479,806.325,1931.196,2772.882,1799.173,1802.121,2202.903
366.276,1037.052,215.212,748.418,1880.9,2650.587,1654.273,1657.069,1976.464
480.489,1050.203,271.878,763.629,2087.016,2881.357,1735.024,1737.709,1858.491
670.532,1223.173,348.814,839.772,2087.009,2902.769,1722.793,1725.772,1862.337
1003.088,1692.701,508.213,1035.578,2159.852,2978.896,1768.665,1771.69,2039.047
1243.537,2087.712,652.366,1217.848,2221.812,3046.493,1736.055,1739.367,2237.651
1242.258,1987.811,645.78,1148.996,1857.958,2601.203,1669.22,1671.974,1994.768
942.975,1608.938,502.71,995.691,1933.132,2716.638,1833.211,1835.958,1945.198
682.686,1240.043,369.419,829.144,1793.999,2572.446,1650.616,1653.147,1798.06
491.742,1030.974,272.952,765.782,1970.01,2816.628,1738.592,1741.283,1881.371
370.212,956.854,215.857,750.387,1912.086,2763.461,1674.656,1677.392,1975.284
328.246,1038.818,192.819,780.939,1937.419,2798.07,1659.04,1661.98,2162.284
326.347,1087.877,197.128,788.034,2027.441,2872.964,1743.57,1746.596,2200.984
330.04,973.422,202.778,727.181,1960.939,2726.214,1628.985,1631.795,1935.87
444.419,1016.045,263.347,779.738,2188.98,3014.256,1735.36,1738.242,1916.175
627.707,1205.234,359.719,855.849,2162.082,2974.3,1642.999,1645.91,1888.785
888.74,1576.952,490.968,1009.706,2226.201,3023.08,1724.954,1727.893,2006.768
1051.683,1826.947,561.73,1102.43,2162.732,2957.907,1679.975,1683.412,2114.576
1061.133,1779.042,555.977,1061.492,1896.368,2658.723,1626.026,1629.048,1988.801
915.095,1603.835,479.81,986.711,1961.605,2748.129,1687.585,1690.604,1985.185
637.93,1209.233,337.577,799.022,1734.641,2484.338,1674.912,1677.628,1785.161
467.967,1016.289,250.653,750.53,1788.551,2595.274,1653.083,1656.148,1857.988
365.813,1003.445,209.245,765.708,1702.985,2517.169,1587.224,1590.303,2011.359
307.459,1163.408,178.998,821.063,1686.134,2503.659,1641.318,1644.729,2318.95
288.127,1168.734,173.449,804.422,1695.361,2486.699,1597.687,1600.924,2306.155
312.789,1041.657,195.086,756.043,1832.607,2578.643,1591.445,1594.546,2038.964
439.423,1043.756,265.636,784.572,2035.541,2812.166,1676.766,1679.806,1902.933
637.694,1226.25,368.526,878.078,1986.506,2773.898,1541.482,1544.591,1888.61
953.685,1670.298,528.616,1071.372,2110.658,2918.559,1699.934,1703.29,2070.626
1174.827,2014.965,616.398,1189.09,1967.417,2728.047,1705.613,1708.834,2176.681
991.369,1683.398,499.186,1001.534,1590.369,2293.368,1507.877,1510.657,1900.157
787.885,1440.933,404.505,929.019,1823.64,2600.476,1639.094,1642.089,1957.393
537.055,1108.806,281.973,778.621,1634.294,2399.475,1592.15,1594.921,1836.351
429.705,996.568,229.946,767.594,1752.369,2558.023,1617.244,1620.232,1913.153
328.956,1011.218,188.283,804.96,1659.204,2529.46,1647.729,1650.824,2172.29
293.769,1125.714,169.529,833.334,1725.833,2578.251,1670.817,1674,2351.351
286.7,1086.1,183.101,818.557,1756.884,2575.742,1632.938,1635.993,2256.77
298.618,951.551,186.048,761.759,1758.577,2517.445,1593.675,1596.553,1990.389
456.553,1049.961,269.243,817.339,1889.943,2664.389,1614.494,1617.451,1918.907
593.227,1180.761,334.828,861.946,1795.045,2543.088,1554.787,1557.822,1865.731
865.253,1605.626,474.188,1054.628,1963.527,2724.461,1699.994,1703.273,2085.025
1145.192,2037.891,598.217,1213.657,1891.91,2628.64,1569.717,1573.214,2248.365
1010.225,1742.925,521.585,1058.109,1519.065,2184.459,1490.778,1493.75,1937.589
843.13,1533.826,445.965,1001.867,1646.678,2383.021,1630.215,1633.336,1986.063
681.212,1294.481,359.443,879.979,1523.994,2224.421,1647.06,1649.936,1837.108
426.786,1009.215,228.973,783.439,1465.155,2206.428,1607.643,1610.761,1881.286
332.526,968.998,179.078,775.948,1481.185,2230.655,1599.434,1602.435,1985.813
297.513,1104.857,167.183,842.77,1506.7,2276.115,1609.88,1613.137,2255.603
288.456,1099.316,178.246,830.961,1561.854,2296.163,1589.819,1592.794,2200.859
335.39,1022.053,204.404,803.278,1525.442,2178.64,1544.621,1547.573,1941.688
410.105,1005.641,231.512,793.597,1674.699,2362.924,1563.52,1566.54,1848.866
563.214,1168.342,310.041,860.49,1660.337,2364.299,1583.369,1586.483,1862.653
812.927,1539.935,439.895,1018.715,1594.942,2279.362,1616.719,1619.863,1993.393
1112.526,1922.144,580.841,1170.237,1636.969,2307.397,1507.366,1511.252,2073.327
893.156,1580.016,474.705,992.963,1500.342,2123.766,1370.641,1374.025,1831.926
810.14,1490.168,434.001,989.125,1584.335,2279.943,1672.204,1675.889,1934.444
651.687,1273.99,357.878,874.034,1519.482,2188.932,1537.664,1540.887,1811.133
451.316,1034.261,242.057,784.674,1526.165,2262.386,1614.977,1618.355,1865.162
336.296,978.628,192.917,798.325,1476.043,2260.918,1638.745,1642.167,2036.037
296.461,1141.32,182.486,876.245,1498.866,2300.968,1620.916,1624.692,2344.494
294.629,1213.98,191.835,893.428,1536.959,2353.518,1663.509,1667.249,2441.243
297.488,1056.284,192.804,802.188,1516.529,2238.222,1603.331,1606.672,2093.214
363.019,976.307,227.98,800.678,1547.223,2310.584,1616.502,1619.832,1952.677
517.041,1130.908,308.368,867.582,1588.405,2360.477,1579.921,1583.394,1948.627
809.371,1625.005,454.841,1089.032,1615.947,2442.541,1708.329,1712.182,2280.271
1200.03,2129.572,629.189,1261.425,1903.291,2642.979,1619.193,1623.344,2305.616
935.095,1675.856,491.6,1054.985,1707.92,2418.941,1475.218,1478.84,2018.788
865.955,1589.806,462.728,1056.81,1783.16,2570.505,1642.998,1647.003,2109.281
677.707,1291.656,364.644,903.717,1713.246,2460.433,1622.215,1625.737,1903.732
484.98,1108.134,263.734,855.432,1700.608,2519.4,1693.894,1697.791,2037.542
348.43,1052.346,195.621,856.591,1602.28,2454.306,1662.312,1666.333,2220.934
311.54,1132.58,188.926,894.979,1623.718,2448.97,1677.717,1681.849,2356.478
312.346,1168.674,200.546,912.823,1648.252,2515.35,1723.121,1727.355,2439.937
322.161,1028.098,207.584,833.174,1572.42,2313.561,1587.621,1591.241,2076.288
384.254,1008.054,234.912,847.023,1654.86,2440.579,1664.646,1668.474,2025.458
548.468,1187.911,317.824,915.949,1608.097,2379.917,1615.697,1619.644,2013.334
820.949,1582.196,443.792,1052.454,1655.274,2408.154,1623.955,1627.965,2126.798
1038.664,1953.435,520.771,1187.349,1786.702,2591.591,1643.621,1647.801,2390.419
1105.351,1913.52,549.463,1127.949,1640.557,2337.967,1501.243,1504.787,2087.61
809.187,1516.21,409.438,994.251,1641.672,2395.138,1674.539,1678.228,2048.99
599.29,1206.396,302.316,868.993,1605.119,2355.024,1682.269,1685.978,1927.396
402.673,1014.664,210.6,836.259,1606.751,2428.082,1730.5,1734.382,2062.864
339.028,1035.519,176.102,839.208,1535.402,2349.195,1657.042,1660.861,2177.209
315.682,1149.519,176.884,912.32,1578.611,2407.347,1716.839,1720.91,2402.079
315.269,1156.849,180.473,907.194,1600.891,2425.344,1767.675,1771.71,2396.789
324.773,1064.453,188.288,839.351,1519.679,2264.185,1592.733,1596.404,2138.921
414.072,1055.261,232.13,859.413,1621.012,2400.529,1712.752,1716.489,2051.726
537.897,1180.795,295.854,912.821,1561.04,2329.738,1636.884,1640.877,2032.555
950.331,1795.12,491.346,1168.883,1743.078,2528.496,1725.37,1729.485,2311.86
1079.456,1981.74,558.282,1208.938,1820.646,2552.052,1652.815,1656.988,2288.518
944.488,1684.176,496.167,1084.682,1648.687,2347.777,1505.295,1509.074,2031.073
826.884,1539.834,425.672,1017.71,1731.222,2481.556,1740.552,1744.494,2059.263
563.26,1180.938,297.258,871.68,1598.219,2345.154,1718.976,1722.59,1942.65
429.552,1057.117,228.097,861.909,1611.23,2418.761,1765.977,1770.133,2073.064
324.679,1057.373,180.429,901.532,1526.697,2325.066,1730.903,1735.06,2256.323
306.932,1249.832,176.494,968.962,1482.7,2310.835,1817.214,1821.882,2568.17
306.457,1187.564,181.861,912.615,1520.808,2293.246,1825.88,1830.078,2388.496
313.691,1049.093,182.512,867.448,1469.769,2233.483,1665.849,1669.904,2188.107
399.736,1078.56,227.429,868.027,1534.478,2303.982,1787.709,1791.715,2092.932
559.769,1229.547,300.257,936.285,1497.139,2262.122,1689.695,1693.472,2074.566
852.497,1675.117,438.709,1110.799,1635.875,2399.26,1839.057,1843.4,2262.436
1012.932,1931.481,529.384,1206.352,1871.957,2615.353,1716.571,1720.934,2343.276
925.746,1681.156,489.3,1086.185,1666.641,2347.609,1612.861,1616.725,2037.128
818.442,1554.99,431.63,1054.327,1637.124,2389.077,1767.854,1771.882,2115.226
603.744,1250.069,318.181,913.464,1632.548,2374.998,1779.837,1783.711,1987.932
410.234,1079.592,223.906,900.659,1584.017,2395.457,1824.711,1828.945,2161.784
326.908,1112.209,182.765,924.903,1594.861,2432.019,1806.681,1811.055,2368.97
314.036,1268.777,186.235,988.738,1639.345,2489.109,1876.051,1880.589,2611.546
297.592,1271.368,176.639,962.391,1615.376,2450.339,1826.751,1831.196,2598.937
321.32,1079.85,199.802,891.913,1601.532,2381.24,1771.436,1775.383,2234.295
452.286,1104.985,261.461,922.516,1687.55,2483.461,1853.943,1857.96,2113.682
582.158,1243.133,323.157,960.669,1624.352,2416.203,1725.532,1729.639,2094.444
858.959,1686.844,452.069,1135.19,1797.286,2601.464,1856.546,1860.857,2319.495
1149.208,2133.93,574.874,1286.666,1786.205,2567.198,1810.703,1814.99,2481.795
1021.545,1859.792,527.806,1181.152,1751.242,2500.869,1766.131,1770.153,2245.242
854.493,1630.123,448.14,1107.737,1855.658,2643.031,1918.446,1922.493,2226.646
605.016,1260.376,322.488,951.389,1637.273,2403.707,1837.816,1841.677,2054.556
455.883,1108.817,247.486,923.512,1682.513,2519.327,1841.531,1845.667,2169.909
333.438,1121.331,200.952,973.082,1656.133,2529.722,1880.414,1884.918,2438.117
319.541,1312.656,204.134,1044.33,1655.534,2526.482,1858.447,1863.132,2708.943
316.005,1373.343,211.143,1064.653,1757.972,2651.49,1892.15,1896.835,2809.051
325.603,1116.235,204.256,924.294,1689.406,2480.476,1819.172,1823.307,2305.875
452.908,1134.134,258.954,949.334,1800.131,2618.111,1886.914,1891.139,2193.811
622.158,1317.127,336.266,1000.426,1748.798,2558.648,1829.199,1833.316,2173.096
901.408,1765.873,457.544,1172.96,1840.596,2675.79,1925.679,1930.081,2419.477
1035.835,1973.644,514.931,1235.342,1795.131,2615.321,1815.942,1820.321,2482.788
993.387,1848.448,502.963,1193.119,1688.064,2486.625,1702.561,1706.675,2347.891
909.774,1771.925,469.26,1188.077,1827.973,2657.164,1927.437,1931.806,2414.529
629.471,1340.074,333.649,1012.14,1688.894,2509.763,1802.713,1806.787,2214.039
458.244,1174.911,248.911,989.677,1688.573,2590.772,1881.657,1886.121,2364.096
353.698,1175.322,209.717,1013.791,1686.953,2594.632,1908.081,1912.731,2538.026
321.45,1320.879,197.929,1074.242,1669.151,2589.413,1867.655,1872.56,2800.908
331.343,1320.175,209.645,1077.756,1744.252,2674.484,1950.28,1955.11,2792.005
346.948,1181.204,208.361,979.483,1681.53,2525.555,1792.842,1797.178,2453.739
454.027,1183.524,252.679,996.054,1792.81,2680.079,1932.26,1936.706,2364.586
643.427,1382.059,346.582,1070.559,1767.414,2639.923,1848.402,1852.806,2339.522
1094.369,2118.194,551.58,1367.195,1850.329,2762.245,1994.914,1999.778,2756.22
998.242,2018.086,523.938,1270.04,1854.514,2657.92,1863.182,1867.461,2573.631
833.535,1639.671,449.567,1140.222,1668.02,2474.805,1750.403,1754.496,2307.669
739.796,1558.741,411.314,1150.566,1801.646,2676.452,1921.893,1926.195,2437.304
572.502,1299.575,335.56,1041.2,1763.034,2613.099,1815.174,1819.303,2286.906
411.281,1143.17,249.81,1019.43,1750.39,2666.977,1917.731,1922.291,2422.657
317.722,1195.523,216.192,1072.306,1675.923,2634.68,1850.393,1855.217,2697.495
288.175,1335.105,218.445,1130.331,1733.556,2668.523,1892.495,1897.637,2898.925
295.425,1323.485,217.878,1136.629,1829.653,2805.905,2007.555,2012.597,2928.105
301.791,1214.831,219.284,1034.172,1740.981,2605.634,1755.875,1760.284,2596.99
394.7,1160.903,255.64,1030.22,1823.578,2725.602,1891.545,1895.895,2447.157
560.225,1291.366,335.122,1054.842,1740.043,2594.291,1833.534,1837.581,2309.155
839.803,1751.413,461.071,1241.668,1789.906,2681.595,1865.77,1870.028,2588.154
1081.775,2137.647,571.965,1366.764,1896.933,2754.415,1815.397,1819.779,2712.536
856.738,1686.339,469.163,1152.726,1598.574,2369.565,1656.087,1659.908,2287.976
765.787,1599.772,418.815,1153.489,1682.692,2527.697,1862.147,1866.298,2417.813
543.492,1269.986,318.908,1026.76,1621.63,2457.714,1783.814,1787.944,2274.56
391.816,1183.085,241.236,1055.351,1623.19,2568.689,1846.302,1851.159,2555.74
306.699,1229.184,204.847,1070.148,1622.881,2543.272,1852.107,1856.886,2712.955
292.759,1389.099,217.389,1146.986,1704.164,2653.898,1903.9,1908.977,2980.748
283.728,1341.414,203.236,1122.28,1758.129,2716.164,1928.724,1933.768,2939.808
297.23,1184.323,206.369,1018.901,1798.97,2661.352,1792.541,1796.929,2566.394
401.937,1163.822,260.171,1036.452,1858.684,2753.945,1905.951,1910.102,2437.577
647.916,1436.683,357.912,1103.721,1800.855,2671.861,1796.792,1800.883,2409.674
877.209,1797.721,475.982,1248.307,1856.998,2719.096,1921.067,1925.381,2559.25
1021.268,2043.664,537.754,1314.782,1922.792,2787.063,1840.143,1844.464,2668.016
903.382,1768.798,475.928,1179.044,1737.171,2546.828,1751.841,1755.798,2382.146
776.563,1598.684,419.646,1160.68,1834.231,2718.27,1874.552,1878.759,2451.401
611.751,1356.808,345.587,1052.211,1749.889,2600.92,1833.997,1838.055,2306.77
414.974,1144.439,251.918,1014.124,1739.557,2649.251,1891.008,1895.385,2405.742
323.69,1136.537,206.485,1037.381,1748.601,2706.413,1832.747,1837.282,2606.091
297.171,1326.188,205.874,1124.119,1804.759,2789.071,1915.996,1920.87,2936.448
282.438,1270.478,202.589,1079.479,1810.386,2767.484,1908.24,1912.897,2826.686
316.615,1175.695,215.883,1038.574,1761.48,2666.507,1799.482,1804.045,2591.361
423.276,1177.479,258.466,1024.908,1880.943,2778.788,1921.785,1925.975,2422.68
630.259,1411.944,358.793,1105.64,1852.416,2755.878,1806.994,1811.159,2436.16
948.548,1945.773,512.176,1311.462,1913.599,2801.398,1985.97,1990.374,2688.715
1049.161,2097.492,530.775,1333.346,1838.031,2701.97,1778.179,1782.582,2719.243
974.792,1869.897,511.78,1243.872,1772.897,2593.465,1716.818,1720.95,2451.897
920.057,1840.296,484.124,1257.162,1913.221,2793.644,1924.822,1929.078,2577.956
629.379,1381.568,349.152,1070.683,1742.467,2594.02,1862.535,1866.56,2329.299
395.202,1122.324,232.923,1016.134,1663.628,2591.466,1921.956,1926.194,2442.409
323.172,1210.467,205.722,1087.086,1701.304,2677.827,1869.364,1874.018,2749.836
295.444,1467.885,201.505,1175.514,1751.528,2734.893,1928.803,1933.614,3134.628
292.198,1455.698,196.982,1164.244,1794.659,2775.806,1935.748,1940.582,3116.742
305.207,1230.303,198.514,1032.172,1807.346,2673.065,1881.483,1885.888,2628.879
407.855,1188.637,241.005,1038.57,1933.728,2835.212,1925.577,1930.047,2484.3
633.136,1448.114,344.403,1114.094,1905.63,2815.253,1907.328,1911.667,2498.63
915.18,1900.925,473.433,1284.766,1918.593,2829.752,2005.391,2009.89,2712.737
1190.852,2341.904,609.165,1443.088,2038.919,2931.488,1872.109,1876.784,2882.22
1051.467,1982.767,553.53,1289.003,1872.179,2681.875,1794.284,1798.498,2480.682
827.057,1708.91,453.943,1234.261,1886.496,2777.396,1949.654,1954.092,2557.508
553.874,1308.67,320.101,1073.526,1802.589,2680.117,1923.469,1927.673,2389.952
403.17,1168.493,242.78,1049.9,1756.943,2710.079,1963.532,1967.951,2530
302.71,1280.656,209.561,1155.114,1772.481,2783.023,1943.784,1948.788,2939.045
275.669,1441.037,204.48,1184.238,1815.097,2792.118,1973.195,1978.222,3127.173
280.327,1371.345,200.158,1168.786,1856.282,2868.588,2064.188,2069.175,3076.939
285.83,1178.574,194.846,1047.28,1843.752,2760.146,1899.076,1903.581,2666.078
389.676,1169.459,243.451,1062.609,1928.498,2867.165,1976.576,1981.137,2542.169
566.447,1353.297,327.575,1115.701,1859.14,2786.976,1899.306,1903.787,2507.293
850.003,1802.854,457.017,1276.567,1958.893,2880.897,2050.822,2055.432,2699.016
1028.891,2087.71,540.118,1378.955,1931.629,2828.319,1930.548,1935.084,2798.883
960.21,1867.027,521.721,1282.263,1824.274,2653.636,1798.089,1802.263,2500.895
787.365,1659.635,438.607,1246.918,1897.582,2807.902,2033.302,2037.697,2595.295
589.658,1337.888,341.68,1116.774,1845.4,2738.666,1919.431,1923.613,2420.771
415.827,1216.793,257.37,1103.473,1849.676,2822.14,2013.347,2017.785,2623.97
306.989,1256.587,204.454,1137.745,1816.851,2804.623,2033.538,2038.241,2875.365
271.293,1494.524,197.054,1260.308,1869.388,2888.653,1979.126,1984.222,3310.846
260.806,1593.848,201.419,1284.173,1929.738,2977.575,2057.91,2063.096,3468.818
281.91,1264.351,204.565,1100.245,1899.199,2799.254,1974.909,1979.644,2782.912
375.286,1193.992,248.141,1125.173,1938.519,2879.932,2029.636,2034.248,2641.763
673.313,1525.024,396.498,1231.786,1922.288,2837.931,1983.283,1987.801,2607.161
982.898,2025.096,548.919,1423.772,1993.524,2923.711,2042.732,2047.364,2851.871
1172.45,2360.113,605.481,1483.063,2046.256,2952.553,1984.184,1988.694,2976.053
1057.035,2074.385,559.512,1375.364,1883.405,2756.669,1902.454,1906.704,2710.716
912.159,1867.533,491.53,1333.552,2019.268,2951.015,2045.642,2049.95,2733.451
647.999,1457.257,371.094,1164.674,1855.668,2746.874,1998.96,2003.115,2498.199
430.91,1307.598,258.456,1176.779,1872.857,2892.031,2088.976,2093.638,2818.848
314.877,1352.374,206.255,1187.625,1889.422,2899.163,2006.725,2011.443,3033.326
273.128,1498.558,197.781,1246.571,1899.277,2922.282,2088.028,2092.904,3302.101
271.785,1472.285,196.126,1254.853,1963.807,2996.359,2142.976,2147.911,3296.713
294.056,1265.879,198.916,1128.425,1869.065,2806.888,1945.802,1950.598,2843.951
419.64,1251.343,258.983,1150.564,2098.291,3076.259,2141.226,2145.758,2705.786
709.203,1585.844,400.812,1263.496,1998.079,2951.739,1997.453,2001.908,2697.44
961.326,2003.324,528.618,1411.293,2013.227,2952.408,2042.038,2046.559,2868.374
1140.688,2297.663,603.171,1526.831,2098.732,3014.248,1988.38,1992.845,3000.615
952.42,1880.265,524.54,1330.496,1872.752,2713.103,1869.364,1873.402,2578.19
788.591,1693.385,456.724,1329.049,1984.405,2909.561,2059.671,2063.87,2706.475
599.112,1388.353,357.156,1196.166,1966.169,2880.86,2065.03,2069.13,2547.041
431.927,1243.872,280.125,1187.322,1942.997,2935.632,2113.605,2118.007,2716.18
307.741,1268.436,228.398,1241.802,1880.338,2906.262,2049.335,2054.017,3004.705
272.8,1556.227,221.399,1369.906,1955.188,2995.859,2166.099,2171.238,3477.746
266.344,1485.087,216.192,1304.223,1961.765,3003.847,2114.617,2119.568,3353.807
278.238,1299.844,217.088,1222.398,1911.427,2883.227,2007.092,2011.9,3003.522
390.461,1297.096,269.047,1230.45,2072.772,3033.085,2117.78,2122.471,2833.043
665.055,1543.166,394.616,1281.734,1968.437,2905.351,2023.939,2028.354,2706.556
937.324,2008.955,527.147,1464.78,2070.035,3014.372,2121.993,2126.495,2958.102
1013.548,2130.876,558.247,1486.869,2042.784,2946.389,2049.734,2054.198,2954.019
867.119,1770.686,487.554,1316.154,1833.079,2699.082,1867.182,1871.07,2602.058
832.571,1793.397,464.565,1385.501,1959.679,2908.178,2089.947,2094.313,2834.626
557.547,1362.054,336.113,1206.868,1894.938,2813.01,2137.183,2141.274,2597.424
370.479,1286.09,249.12,1265.76,1874.691,2934.094,2093.272,2097.981,2996.362
290.691,1439.549,209.679,1318.056,1812.521,2864.596,2091.824,2096.738,3314.226
266.17,1679.462,213.722,1406.004,1939.423,2976.622,2210.475,2215.436,3647.734
255.129,1616.22,216.415,1397.249,1975.823,3035.089,2173.593,2178.677,3606.275
247.526,1393.639,205.257,1281.924,1899.581,2864.809,2073.406,2078.425,3193.026
354.731,1282.377,251.936,1221.426,1994.423,2938.067,2172.029,2176.52,2845.272
552.326,1372.225,345.454,1250.651,1899.882,2831.826,2057.8,2062.306,2661.546
803.191,1833.041,466.921,1432.067,2048.437,3021.139,2188.595,2193.103,2972.205
1134.478,2368.786,591.041,1575.934,1989.36,2912.179,2058.152,2062.774,3146.643
885.88,1829.531,503.708,1402.68,1786.923,2673.364,1908.937,1913.255,2733.381
867.057,1879.336,485.983,1449.17,1911.981,2882.981,2163.51,2168.144,2951.101
577.405,1450.178,338.199,1278.828,1853.527,2822.622,2111.064,2115.522,2786.954
379.616,1288.428,245.358,1273.657,1824.584,2878.792,2185.447,2190.33,2996.202
301.293,1411.658,212.015,1336.758,1833.622,2889.699,2165.237,2170.275,3296.222
269.886,1711.605,201.793,1463.593,1870.685,2959.078,2230.882,2236.483,3797.512
264.026,1675.504,207.138,1409.925,1979.59,3037.744,2251.081,2256.303,3677.642
281.889,1364.217,204.793,1240.104,1961.814,2905.751,2101.716,2106.497,3066.356
398.085,1281.494,258.843,1248.236,1979.208,2939.973,2248.834,2253.54,2838.272
542.056,1386.027,329.838,1250.147,1930.512,2884.069,2119.512,2124.013,2722.337
870.941,1912.211,475.01,1446.724,2026.784,2971.687,2347.876,2352.309,2962.321
1098.095,2347.879,572.95,1621.327,1924.614,2906.118,2075.744,2080.72,3284.641
985.175,2050.595,529.993,1489.02,1883.649,2799.341,2070.134,2074.715,2944.72
740.199,1707.398,445.012,1462.639,1921.064,2930.012,2201.012,2205.765,2998.527
564.463,1429.03,338.639,1315.26,1800.538,2780.906,2152.72,2157.252,2826.088
382.12,1381.628,257.49,1395.197,1923.368,3009.151,2244.455,2249.742,3228.283
299.545,1481.236,217.527,1389.751,1867.108,2914.794,2218.326,2223.546,3406.821
272.387,1627.582,207.632,1429.458,1855.505,2875.17,2298.602,2304.03,3602.115
286.165,1679.841,233.387,1496.049,1975.103,3037.25,2328.54,2334.193,3724.138
297.206,1412.7,225.341,1294.643,1890.702,2821.758,2166.361,2171.46,3120.952
409.346,1326.809,265.485,1281.203,1931.153,2875.938,2280.866,2285.675,2882.775
664.003,1580.542,384.832,1376.899,1873.386,2824.306,2163.785,2168.529,2864.27
1157.586,2389.091,600.103,1624.966,1976.723,2893.446,2294.903,2299.664,3177.852
1218.395,2566.678,628.865,1686.893,1948.827,2835.438,2142.187,2147.257,3297.992
980.663,2014.719,528.728,1457.401,1772.06,2624.241,1982.363,1986.941,2819.488
887.173,1915.611,479.995,1504.44,1907.453,2833.69,2228.042,2233.034,2984.113
572.001,1466.15,342.521,1309.967,1813.845,2706.016,2165.305,2170.036,2758.496
354.199,1282.632,234.636,1326.472,1786.361,2763.873,2261.279,2266.559,3003.061
289.887,1413.452,205.359,1389.716,1704.889,2668.884,2182.896,2188.426,3277.448
275.799,1643.544,205.782,1469.334,1765.313,2707.709,2323.361,2328.954,3579.287
269.558,1711.555,208.586,1500.517,1833.242,2801.938,2288.294,2294.261,3708.59
272.446,1369.803,212.441,1319.726,1743.558,2599.348,2114.666,2120.242,3066.009
400.724,1330.913,265.935,1339.023,1901.226,2806.512,2246.752,2252.048,2913.858
532.982,1416.505,317.381,1321.597,1809.447,2682.585,2128.54,2133.566,2765.903
811.002,1899.668,454.668,1518.452,1806.152,2688.613,2155.71,2160.812,3040.013
1030.448,2293.562,544.006,1574.84,1920.175,2765.628,2161.984,2166.732,3144.149
902.623,1915.636,494.285,1424.01,1712.731,2531.375,1992.163,1996.617,2765.836
849.593,1904.414,465.345,1475.193,1850.537,2740.942,2246.021,2250.726,2959.779
564.095,1507.436,340.441,1349.541,1801.431,2693.333,2213.875,2218.591,2849.06
403.708,1386.234,262.012,1354.566,1817.797,2768.157,2295.717,2300.758,3030.481
298.147,1517.187,210.813,1398.823,1760.491,2720.375,2253.951,2259.308,3372.291
267.945,1768.537,206.17,1496.609,1845.103,2834.196,2324.189,2329.751,3785.686
261.25,1733.821,205.757,1466.518,1834.54,2802.108,2341.599,2347.156,3706.457
267.933,1486.413,209.3,1364.543,1760.081,2647.342,2163.68,2168.908,3266.213
416.967,1422.738,278.951,1397.952,1831.015,2724.57,2262.078,2267.277,3023.527
657.761,1642.827,385.009,1428.23,1839.699,2723.658,2224.577,2229.453,2917.122
987.068,2205.682,530.228,1615.23,1824.256,2710.403,2305.392,2310.456,3194.826
1205.679,2568.58,653.061,1733.942,1891.22,2777.663,2153.542,2160.168,3336.852
1101.784,2253.935,597.858,1545.429,1793.267,2619.095,2016.519,2022.197,2931.227
877.734,1956.303,494.787,1497.723,1811.073,2696.779,2235.682,2241.901,2973.431
582.222,1489.746,348.455,1323.803,1763.593,2666.87,2192.052,2197.701,2791.799
398.63,1385.594,255.969,1333.019,1730.779,2681.94,2264.136,2270.27,3021.309
298.104,1428.221,207.275,1349.905,1680.642,2642.546,2220.802,2226.906,3240.755
274.527,1711.138,209.145,1476,1801.582,2766.098,2315.087,2321.35,3674.245
267.023,1737.115,207.866,1478.509,1796.151,2785.953,2385.523,2391.982,3736.996
290.618,1463.506,217.293,1314.19,1750.48,2633.188,2195.01,2201.05,3158.531
400.84,1366.602,262.703,1338.781,1828.595,2764.247,2314.51,2320.763,2983.746
581.25,1543.616,342.365,1370.763,1777.663,2701.217,2222.298,2228.4,2920.419
955.312,2209.085,502.057,1587.149,1907.922,2820.253,2310.893,2317.49,3257.793
1203.173,2596.092,634.75,1722.613,1915.632,2801.243,2230.64,2237.553,3373.306
1069.55,2266.846,590.821,1588.115,1862.066,2710.21,2169.959,2176.606,3049.38
778.861,1840.014,453.96,1476.33,1896.893,2790.534,2328.568,2334.745,2983.341
546.497,1457.74,340.071,1338.353,1831.203,2721.018,2280.985,2287.102,2805.456
361.178,1395.149,247.372,1398.677,1841.877,2834.649,2339.941,2346.446,3184.553
290.228,1517.292,211.809,1392.856,1811.514,2758.912,2312.84,2319.206,3361.874
272.178,1697.953,204.497,1477.998,1852.682,2828.293,2399.02,2405.931,3681.799
272.875,1649.098,206.214,1452.124,1881.422,2855.053,2396.802,2403.447,3602.409
269.709,1464.607,204.557,1370.285,1812.596,2727.55,2268.423,2274.953,3282.11
380.407,1391.775,257.168,1364.405,1888.324,2811.824,2383.366,2389.847,3048.587
580.695,1565.647,348,1400.002,1870.143,2795.116,2291.989,2298.251,2968.19
961.565,2237.627,533.062,1675.016,1946.802,2881.444,2361.431,2368.673,3359.899
1124.979,2494.866,587.1,1689.919,1912.107,2811.33,2290.415,2297.928,3379.442
959.854,2075.178,516.757,1491.861,1762.78,2588.136,2129.801,2136.653,2922.635
876.745,1997.098,477.363,1542.362,1918.903,2814.458,2374.425,2381.074,3087.555
539.999,1462.781,321.709,1326.295,1744.615,2621.02,2309.76,2316.036,2810.048
400.637,1385.324,248.012,1371.499,1797.612,2765.037,2419.103,2425.441,3081.936
303.903,1593.954,211.575,1473.678,1785.679,2759.439,2343.95,2350.806,3532.77
275.123,1869.966,201.244,1548.385,1737.788,2713.458,2447.356,2454.145,3924.443
272.873,1867.102,204.524,1554.92,1807.835,2790.342,2473.514,2480.751,3934.368
259.679,1567.292,196.119,1400.388,1635.367,2537.209,2282.835,2289.397,3420.286
356.944,1429.713,238.422,1371.664,1704.208,2601.154,2380.702,2387.074,3109.33
549.834,1550.589,323.017,1401.406,1757.528,2669.061,2320.166,2326.578,2997.089
981.564,2320.494,526.905,1680.374,1845.395,2769.837,2427.073,2434.428,3424.196
899.165,2172.18,496.174,1573.768,1858.101,2723.538,2346.116,2352.978,3222.909
891.228,2001.033,490.477,1506.857,1693.772,2545.494,2138.728,2145.259,2984.437
808.076,1924.314,447.166,1522.568,1842.483,2728.028,2412.616,2419.376,3083.945
499.437,1459.097,296.735,1333.459,1700.156,2577.376,2343.752,2350.051,2879.903
339.358,1385.742,228.317,1413.202,1768.689,2728.011,2432.144,2438.571,3197.017
265.823,1565.753,196.892,1463.672,1768.836,2716.633,2399.806,2406.472,3521.174
242.659,1858.418,184.332,1561.056,1732.707,2707.393,2503.262,2510.141,3974.049
236.565,1842.57,189.887,1556.061,1845.547,2811.784,2518.346,2525.087,3945.157
250.635,1427.789,195.631,1354.108,1796.391,2672.258,2332.72,2338.96,3217.739
374.785,1398.74,255.958,1415.6,1857.419,2765.317,2443.252,2449.661,3097.905
555.191,1583.766,329.989,1426.463,1826.337,2701.023,2319.353,2325.668,3006.05
792.124,2049.807,436.011,1581.934,1838.315,2713.439,2447.532,2454.401,3285.599
994.624,2369.767,526.236,1697.019,1894.341,2798.594,2352.768,2361.171,3458.582
1093.663,2359.35,574.993,1624.899,1778.255,2595.116,2172.843,2180.333,3139.945
800.582,1924.626,447.107,1538.666,1819.232,2697.481,2398.622,2406.523,3101.754
545.944,1510.795,324.784,1404.725,1754.55,2645.439,2360.978,2367.881,2942.583
336.883,1392.517,223.893,1412.81,1783.538,2738.986,2474.777,2481.473,3206.697
259.886,1538.861,191.583,1469.842,1706.774,2660.655,2423.21,2430.453,3518.359
241.872,1749.418,179.942,1523.708,1728.391,2693.655,2516.884,2524.202,3823.894
243.435,1885.484,188.492,1615.832,1769.277,2776.98,2533.896,2541.263,4084.46
246.828,1564.356,188.177,1407.906,1725.389,2614.792,2348.888,2355.872,3433.645
317.251,1400.858,227.172,1422.815,1781.151,2709.58,2436.125,2442.93,3214.485
572.122,1594.15,341.359,1456.083,1770.977,2678.053,2350.44,2357.614,3051.002
936.772,2231.842,509.074,1677.3,1850.646,2774.171,2401.271,2408.587,3394.137
1115.371,2544.298,593.182,1761.68,1932.727,2822.972,2284.454,2291.891,3495.107
1037.939,2262.703,568.997,1647.509,1775.989,2617.794,2126.212,2133.031,3151.9
850.854,1991.719,474.494,1574.607,1801.385,2690.315,2335.409,2342.119,3136.619
544.733,1523.56,328.575,1406.4,1713.842,2602.712,2307.368,2313.894,2952.049
370.709,1385.156,242.639,1424.55,1728.109,2695.459,2393.083,2399.614,3170.238
284.227,1622.87,198.083,1514.635,1653.261,2615.244,2288.095,2294.932,3624.014
259.638,1812.691,191.211,1580.398,1687.108,2647.352,2373.607,2380.642,3909.519
247.693,1731.061,187.292,1517.842,1654.816,2603.503,2362.716,2369.668,3769.558
242.779,1439.599,186.237,1395.434,1501.692,2379.903,2136.369,2142.798,3290.657
362.994,1375.96,252.407,1420.718,1771.949,2659.006,2332.027,2338.746,3075.053
592.576,1629.656,351.315,1460.391,1665.774,2527.119,2191.602,2198.214,3014.114
980.524,2349.998,525.875,1698.347,1640.931,2470.835,2273.389,2280.675,3379.137
1148.855,2608.312,629.312,1803.95,1707.29,2510.604,2203.832,2212.07,3445.647
931.573,2099.054,522.016,1525.321,1537.248,2260.34,1991.69,1998.485,2900.672
774.71,1895.839,451.646,1530.211,1592.97,2373.761,2253.552,2260.681,2987.615
539.367,1504.001,324.257,1374.931,1475.001,2247.868,2215.675,2222.13,2794.631
332.275,1367.352,227.716,1382.415,1474.481,2299.261,2238.622,2245.22,3021.154
264.127,1521.46,192.046,1454.181,1487.187,2319.002,2240.856,2247.589,3358.016
249.568,1705.408,190.809,1475.387,1507.493,2337.502,2294.045,2301.099,3577.481
247.766,1711.819,194.111,1505.153,1552.46,2423.113,2320.826,2327.674,3652.597
257.134,1417.51,199.581,1357.306,1540.918,2345.614,2152.554,2158.965,3129.208
398.504,1411.702,268.314,1383.926,1601.132,2417.954,2263.042,2269.209,2951.798
529.166,1521.299,323.685,1378.456,1586.851,2393.53,2157.886,2164.178,2859.875
961.035,2315.363,532.488,1717.154,1692.321,2534.478,2272.269,2279.755,3388.637
1132.544,2680.719,613.238,1748.083,1733.397,2526.367,2158.079,2165.526,3483.437
976.77,2241.482,544.634,1581.883,1636.265,2400.103,1975.89,1982.91,3072.818
730.844,1880.266,417.191,1463.396,1782.631,2587.906,2258.708,2265.401,3007.594
434.854,1342.932,276.482,1305.682,1655.016,2465.877,2246.32,2252.456,2754.274
324.489,1381.735,225.247,1408.782,1648.238,2563.589,2310.653,2317.344,3162.822
264.315,1655.405,197.306,1499.898,1645.95,2555.476,2282.041,2289.161,3610.327
236.663,1885.344,181.63,1545.051,1656.935,2570.798,2361.959,2369.006,3933.012
228.994,1851.846,186.032,1546.714,1741.763,2668.017,2361.078,2367.635,3916.344
234.322,1490.89,188.462,1390.1,1701.916,2543.002,2258.533,2264.919,3305.68
337.722,1325.645,254.622,1362.835,1677.424,2516.095,2290.975,2297.211,2941.042
593.079,1590.587,362.028,1448.967,1702.875,2555.282,2190.24,2196.676,2943.29
1046.232,2467.147,576.285,1756.898,1838.407,2716.147,2276.413,2284,3486.854
1150.951,2660.074,631.044,1757.21,1854.332,2687.564,2176.113,2183.505,3475.911
932.607,2148.233,526.25,1536.274,1634.959,2407.806,2002.989,2009.433,3004.941
745.64,1847.86,442.857,1538.09,1818.498,2682.114,2262.285,2269.256,3068.039
460.798,1446.257,293.363,1350.385,1650.539,2495.761,2197.459,2204.072,2894.316
316.178,1371.15,219.322,1381.589,1658.85,2545.045,2271.946,2278.626,3110.114
249.619,1599.765,194.701,1461.12,1641.642,2540.915,2279.144,2286.033,3522.727
232.138,1904.872,189.28,1573.761,1651.369,2594.574,2294.676,2301.708,4007.452
241.523,1842.69,206.042,1553.396,1745.365,2672.156,2325.836,2332.348,3881.823
250.696,1466.938,210.014,1378.999,1669.131,2510.978,2195.942,2202.222,3233.353
365.145,1337.794,281.739,1399.017,1734.573,2601.269,2232.275,2238.615,2962.963
582.897,1570.499,368.33,1433.608,1767.999,2624.782,2153.599,2159.848,2915.913
871.209,2110.009,501.829,1618.444,1763.55,2615.195,2229.661,2236.641,3214.041
961.625,2260.456,544.306,1630.153,1859.741,2676.966,2102.194,2108.9,3208.61
808.568,1901.419,470.457,1483.397,1744.388,2536.868,2039.867,2046.235,2904.639
537.658,1549.054,336.829,1379.909,1738.302,2565.831,2184.651,2190.726,2888.08
392.94,1287.366,269.262,1294.989,1658.703,2481.318,2157.038,2163.028,2748.757
278.831,1350.933,210.27,1387.626,1709.28,2609.058,2262.29,2268.612,3155.558
234.762,1523.022,190.785,1427.437,1671.005,2547.271,2229.194,2235.454,3407.437
220.244,1853.234,184.063,1541.924,1691.006,2612.399,2273.994,2280.64,3918.89
227.419,1740.333,200.423,1510.499,1744.435,2645.434,2325.626,2332.096,3730.458
229.619,1409.794,200.088,1357.954,1656.996,2471.975,2123.241,2129.334,3159.114
355.59,1333.431,272.906,1390.354,1794.124,2633.65,2211.794,2217.856,2940.878
608.217,1619.284,376.361,1434.108,1784.038,2604.581,2105.871,2111.788,2895.274
810.936,2029.522,467.661,1578.833,1831.551,2667.789,2113.365,2119.966,3172.598
1076.113,2430.958,586.346,1693.876,1894.364,2722.019,2135.236,2142.062,3296.855
935.131,2066.928,527.724,1538.468,1699.753,2467.119,1943.098,1949.69,2916.499
843.902,1997.101,486.648,1556.67,1775.551,2603.435,2225.509,2232.13,3057.725
517.608,1487.638,323.25,1352.716,1693.431,2507.872,2177.204,2183.596,2820.329
323.585,1323.463,228.973,1370.559,1756.074,2647.819,2279.31,2285.899,3039.799
244.339,1486.316,187.831,1423.789,1691.014,2577.055,2234.346,2241.066,3370.695
235.093,1730.944,188.923,1512.742,1771.339,2674.818,2348.474,2355.22,3729.894
236.148,1656.142,195.306,1502.147,1752.708,2655.793,2353.266,2359.899,3636.552
247.25,1453.75,201.297,1377.873,1773.501,2598.491,2210.389,2216.609,3214.286
353.809,1350.357,264.381,1392.067,1846.602,2682.791,2301.438,2307.392,2966.377
664.709,1696.068,414.935,1504.027,1880.291,2719.161,2216.954,2223.003,2965.37
1020.025,2381.555,555.799,1704.034,1943.316,2767.492,2223.992,2231.16,3341.11
1241.251,2777.624,672.605,1866.644,1959.648,2800.118,2141.468,2148.935,3578.349
1041.067,2323.887,587.39,1629.346,1735.253,2488.251,1984.323,1991.311,3084.762
884.025,2066.405,513.568,1620.751,1793.246,2626.875,2212.214,2218.926,3129.905
493.327,1424.831,313.883,1348.027,1755.466,2568.027,2219.424,2225.88,2784.665
345.485,1350.304,243.919,1395.05,1726.282,2622.525,2281.559,2288.335,3058.969
259.691,1498.191,204.257,1446.675,1686.611,2585.84,2248.035,2254.428,3386.539
246.471,1668.094,198.253,1499.594,1775.905,2693.206,2369.017,2375.706,3646.954
242.083,1641.747,199.102,1493.384,1779.068,2704.503,2372.256,2378.869,3625.994
269.118,1450.327,217.347,1391.781,1772.541,2608.879,2204.732,2210.874,3198.123
369.192,1344.353,276.007,1400.224,1841.445,2686.865,2338.394,2344.609,2951.013
716.842,1762.551,445.74,1541.478,1831.904,2683.77,2216.867,2223.564,3000.011
906.541,2148.301,518.556,1629.454,1901.791,2725.403,2303.961,2310.399,3182.709
1138.978,2541.943,666.674,1803.382,1952.779,2763.498,2178.548,2185.4,3357.244
1084.305,2337.031,639.161,1706.209,1774.493,2550.874,2011.365,2018.441,3103.23
796.619,1948.676,498.722,1558.638,1843.266,2627.013,2297.169,2303.85,3002.401
445.671,1337.362,322.605,1352.387,1748.543,2544.237,2235.119,2241.243,2723.291
305.254,1296.741,250.97,1390.878,1777.919,2641.826,2318.462,2324.805,3001.644
233.33,1480.064,215.765,1451.828,1763.953,2657.476,2312.324,2318.639,3382.634
223.817,1729.073,218.599,1543.127,1826.429,2730.864,2424.339,2431.02,3740.9
222.06,1681.104,222.387,1519.931,1812.847,2705.073,2405.597,2411.904,3655.121
221.476,1446.094,220.899,1414.064,1717.97,2545.312,2280.593,2286.601,3251.133
360.444,1328.974,306.941,1406.81,1745.37,2556.943,2328.953,2335.153,2886.172
575.013,1512.809,399.605,1453.389,1727.398,2521.677,2193.868,2199.978,2791.969
780.017,1903.942,479.097,1554.299,1833.702,2621.004,2296.879,2303.112,2992.663
1049.979,2383.277,626.913,1750.896,1931.558,2734.233,2189.707,2196.425,3266.675
847.928,1976.625,530.944,1537.896,1840.352,2587.387,2133.127,2139.417,2888.974
593.881,1573.645,404.009,1437.662,1850.025,2624.61,2357.615,2363.57,2793.957
453.238,1332.831,328.147,1345.303,1723.332,2507.259,2272.245,2278.176,2686.606
315.629,1280.945,264.669,1375.9,1731.051,2566.153,2368.994,2374.951,2917.605
228.357,1520.391,222.03,1464.039,1713.638,2577.036,2374.619,2381.134,3403.956
218.204,1808.469,221.824,1561.091,1754.686,2651.488,2451.324,2458,3833.01
204.191,1762.377,223.958,1568.77,1844.996,2732.454,2477.018,2483.307,3796.745
221.82,1469.285,229.795,1420.654,1740.87,2543.751,2319.408,2325.551,3247.348
315.277,1310.418,289.544,1396.984,1811.414,2611.359,2339.675,2345.681,2908.531
510.81,1437.882,382.106,1426.656,1809.111,2588.81,2272.828,2278.71,2757.203
972.277,2231.1,593.689,1737.21,1945.033,2761.024,2358.932,2365.71,3225.112
1010.08,2326.035,609.51,1723.474,1934.695,2706.576,2206.608,2213.392,3208.584
722.404,1719.51,466.94,1446.904,1709.115,2417.067,2039.27,2045.531,2691.284
730.447,1790.701,485.417,1583.977,1893.001,2688.302,2395.334,2401.933,2960.714
407.945,1323.312,309.728,1334.073,1767.037,2530.974,2266.804,2272.738,2709.585
317.539,1336.61,270.696,1402.36,1803.667,2628.863,2441.771,2447.771,2981.932
243.006,1489.887,231.36,1450.203,1760.315,2600.443,2422.754,2429.176,3312.276
218.161,1744,220.466,1533.91,1825.127,2687.357,2439.121,2445.565,3707.957
213.976,1621.84,228.415,1498.671,1818.931,2670.487,2502.32,2508.676,3536.033
224.877,1385.53,231.407,1389.706,1757.708,2540.011,2306.965,2313.003,3107.293
324.489,1354.443,296.087,1426.59,1821.998,2616.81,2406.937,2413.199,2961.53
611.883,1611.67,433.382,1505.585,1899.41,2677.772,2310.176,2316.284,2856.46
1005.328,2276.659,621.535,1756.568,1955.253,2756.249,2367.191,2374.109,3214.277
1190.045,2711.339,695.82,1865.305,2063.121,2838.63,2244.527,2252.166,3473.928
847.835,1956.327,534.772,1530.364,1814.056,2518.228,2040.482,2046.725,2814.498
818.939,1890.35,530.388,1610.935,1995.601,2771.269,2401.886,2408.195,2933.936
588.074,1544.747,405.786,1440.997,1839.772,2597.435,2308.171,2314.282,2755.659
293.74,1382.42,254.579,1433.789,1884.33,2741.76,2455.285,2461.51,3131.545
